{"metrics": [{"metric": "DatasetDriftMetric", "result": {"drift_share": 0.5, "number_of_columns": 9, "number_of_drifted_columns": 9, "share_of_drifted_columns": 1.0, "dataset_drift": true}}, {"metric": "DataDriftTable", "result": {"number_of_columns": 9, "number_of_drifted_columns": 9, "share_of_drifted_columns": 1.0, "dataset_drift": true, "drift_by_columns": {"air_temperature_k": {"column_name": "air_temperature_k", "column_type": "num", "stattest_name": "Wasserstein distance (normed)", "stattest_threshold": 0.1, "drift_score": 0.697534339398116, "drift_detected": true, "current": {"small_distribution": {"x": [298.0092640460092, 298.2082811760655, 298.40729830612185, 298.60631543617814, 298.8053325662344, 299.0043496962908, 299.20336682634706, 299.40238395640336, 299.60140108645965, 299.800418216516, 299.9994353465723], "y": [0.5728150132993872, 0.5627656271009916, 0.4773458444161561, 0.5125186961099781, 0.40700014102839577, 0.557740934002035, 0.49241992371350835, 0.442172992722334, 0.5024693099115997, 0.4974446168126258]}}, "reference": {"small_distribution": {"x": [295.3, 296.22, 297.14, 298.06, 298.98, 299.9, 300.82, 301.74, 302.66, 303.58, 304.5], "y": [0.016630434782608408, 0.04347826086956715, 0.15152173913043215, 0.1760869565217361, 0.12434782608696204, 0.20586956521738775, 0.12815217391304126, 0.13076086956521513, 0.06000000000000267, 0.050108695652173046]}}}, "failure_type_encoded": {"column_name": "failure_type_encoded", "column_type": "num", "stattest_name": "Wasserstein distance (normed)", "stattest_threshold": 0.1, "drift_score": 1.414060989674795, "drift_detected": true, "current": {"small_distribution": {"x": [0.0, 0.1, 0.2, 0.30000000000000004, 0.4, 0.5, 0.6000000000000001, 0.7000000000000001, 0.8, 0.9, 1.0], "y": [4.97, 0.0, 0.0, 0.0, 0.0, 0.0, 0.0, 0.0, 0.0, 5.030000000000001]}}, "reference": {"small_distribution": {"x": [0.0, 0.5, 1.0, 1.5, 2.0, 2.5, 3.0, 3.5, 4.0, 4.5, 5.0], "y": [0.0224, 0.0, 1.9304, 0.0, 0.0156, 0.0, 0.019, 0.0, 0.0036, 0.009]}}}, "process_temperature_k": {"column_name": "process_temperature_k", "column_type": "num", "stattest_name": "Wasserstein distance (normed)", "stattest_threshold": 0.1, "drift_score": 0.7437260070951367, "drift_detected": true, "current": {"small_distribution": {"x": [308.00643652720856, 308.20567561964185, 308.40491471207514, 308.60415380450837, 308.80339289694166, 309.00263198937495, 309.20187108180824, 309.4011101742415, 309.60034926667475, 309.79958835910804, 309.99882745154133], "y": [0.5571195825295506, 0.48183315245798974, 0.45171858042949425, 0.4466994850912613, 0.49187134313419784, 0.4416803897531572, 0.6073105359105911, 0.5219859151629711, 0.5320241058390303, 0.48685224779609376]}}, "reference": {"small_distribution": {"x": [305.7, 306.51, 307.32, 308.13, 308.94, 309.75, 310.56, 311.37, 312.18, 312.99, 313.8], "y": [0.012098765432098731, 0.015185185185185142, 0.10407407407407379, 0.2043209876543204, 0.20888888888888832, 0.2128395061728389, 0.23999999999999932, 0.1408641975308638, 0.065185185185185, 0.031111111111111023]}}}, "product_id_encoded": {"column_name": "product_id_encoded", "column_type": "num", "stattest_name": "Wasserstein distance (normed)", "stattest_threshold": 0.1, "drift_score": 0.7211990784491425, "drift_detected": true, "current": {"small_distribution": {"x": [1003.0, 1603.2, 2203.4, 2803.6000000000004, 3403.8, 4004.0, 4604.200000000001, 5204.400000000001, 5804.6, 6404.8, 7005.0], "y": [0.0011029656781072973, 0.0, 0.0, 0.0, 0.0, 0.0, 0.0, 0.0, 0.0, 0.000563145618127291]}}, "reference": {"small_distribution": {"x": [0.0, 999.9, 1999.8, 2999.7, 3999.6, 4999.5, 5999.4, 6999.3, 7999.2, 8999.1, 9999.0], "y": [0.0001000100010001, 0.0001000100010001, 0.00010001000100010003, 0.0001000100010001, 0.0001000100010001, 0.00010001000100010004, 0.00010001000100009996, 0.00010001000100010004, 0.00010001000100009996, 0.00010001000100010004]}}}, "rotational_speed_rpm": {"column_name": "rotational_speed_rpm", "column_type": "num", "stattest_name": "Wasserstein distance (normed)", "stattest_threshold": 0.1, "drift_score": 0.5113665193876527, "drift_detected": true, "current": {"small_distribution": {"x": [1400.0, 1439.9, 1479.8, 1519.7, 1559.6, 1599.5, 1639.4, 1679.3, 1719.2, 1759.1, 1799.0], "y": [0.0022305764411027517, 0.0027318295739348466, 0.0025062656641603952, 0.0028320802005012626, 0.0024310776942355833, 0.0022305764411027517, 0.0025062656641604095, 0.0023308270676691677, 0.0025313283208020136, 0.002731829573934831]}}, "reference": {"small_distribution": {"x": [1168.0, 1339.8, 1511.6, 1683.4, 1855.2, 2027.0, 2198.8, 2370.6000000000004, 2542.4, 2714.2, 2886.0], "y": [0.0003504074505238651, 0.00270663562281723, 0.00187834691501746, 0.0005745052386495927, 0.0001955762514551805, 5.9371362048894e-05, 2.6193247962747352e-05, 1.2223515715948798e-05, 1.280558789289874e-05, 4.6565774155995294e-06]}}}, "tool_wear_min": {"column_name": "tool_wear_min", "column_type": "num", "stattest_name": "Wasserstein distance (normed)", "stattest_threshold": 0.1, "drift_score": 1.1567303234216302, "drift_detected": true, "current": {"small_distribution": {"x": [0.0, 6.9, 13.8, 20.700000000000003, 27.6, 34.5, 41.400000000000006, 48.300000000000004, 55.2, 62.1, 69.0], "y": [0.01318840579710145, 0.014057971014492751, 0.01695652173913043, 0.015652173913043483, 0.013043478260869568, 0.014057971014492741, 0.01594202898550725, 0.013623188405797106, 0.014347826086956525, 0.014057971014492755]}}, "reference": {"small_distribution": {"x": [0.0, 25.3, 50.6, 75.9, 101.2, 126.5, 151.8, 177.1, 202.4, 227.70000000000002, 253.0], "y": [0.004964426877470355, 0.004505928853754941, 0.00450592885375494, 0.0046600790513834, 0.004529644268774704, 0.004501976284584978, 0.004707509881422928, 0.004494071146245057, 0.0024229249011857696, 0.00023320158102766814]}}}, "torque_nm": {"column_name": "torque_nm", "column_type": "num", "stattest_name": "Wasserstein distance (normed)", "stattest_threshold": 0.1, "drift_score": 0.25360773352025295, "drift_detected": true, "current": {"small_distribution": {"x": [28.00032577315025, 30.799054764936454, 33.597783756722656, 36.39651274850886, 39.19524174029506, 41.993970732081266, 44.79269972386747, 47.59142871565368, 50.390157707439876, 53.188886699226074, 55.98761569101228], "y": [0.03644511501447722, 0.0328720645228618, 0.04216199580106183, 0.034658589768669555, 0.03251475947370022, 0.034658589768669465, 0.036802420063638715, 0.03787433521112343, 0.036802420063638805, 0.03251475947370022]}}, "reference": {"small_distribution": {"x": [3.8, 11.079999999999998, 18.36, 25.639999999999997, 32.919999999999995, 40.199999999999996, 47.47999999999999, 54.75999999999999, 62.03999999999999, 69.32, 76.6], "y": [0.0001785714285714286, 0.0018818681318681313, 0.008434065934065937, 0.022884615384615392, 0.03567307692307692, 0.03704670329670333, 0.022307692307692303, 0.007156593406593406, 0.0015384615384615382, 0.00026098901098901096]}}}, "type_encoded": {"column_name": "type_encoded", "column_type": "num", "stattest_name": "Jensen-Shannon distance", "stattest_threshold": 0.1, "drift_score": 0.22440810782214196, "drift_detected": true, "current": {"small_distribution": {"x": [1.0, 1.1, 1.2, 1.3, 1.4, 1.5, 1.6, 1.7000000000000002, 1.8, 1.9, 2.0], "y": [4.9599999999999955, 0.0, 0.0, 0.0, 0.0, 0.0, 0.0, 0.0, 0.0, 5.039999999999996]}}, "reference": {"small_distribution": {"x": [0.0, 0.2, 0.4, 0.6000000000000001, 0.8, 1.0, 1.2000000000000002, 1.4000000000000001, 1.6, 1.8, 2.0], "y": [0.5015, 0.0, 0.0, 0.0, 0.0, 2.9999999999999973, 0.0, 0.0, 0.0, 1.4985000000000004]}}}, "udi": {"column_name": "udi", "column_type": "num", "stattest_name": "Wasserstein distance (normed)", "stattest_threshold": 0.1, "drift_score": 1.5588457346062181, "drift_detected": true, "current": {"small_distribution": {"x": [1.0, 100.9, 200.8, 300.70000000000005, 400.6, 500.5, 600.4000000000001, 700.3000000000001, 800.2, 900.1, 1000.0],